{
  "id": "phonesensor",
  "version": "1.0.0",
  "description": "Collects phone sensor data",
  "core_title": "Core",
  "core_description": "Store and deliver data to plugins. Upload/Archive data",
  "core_enable": true,
  "core_required": true,
  "core_visible": true,
  "core_config_url":"https://raw.githubusercontent.com/MD2Korg/mCerebrum-releases/master/4.0/configuration/config_list.json",
  "core_archive_enable": true,
  "core_archive_storageLimit": "100MB",
  "core_archive_fileSizeLimit": "1MB",
  "core_database_rowLimit": 500,
  "core_uploader_enable": true,
  "core_uploader_active": true,
  "core_uploader_storageLimit": "1.5GB",
  "core_uploader_fileSizeLimit": "1MB",
  "core_uploader_url": "https://odin.md2k.org",
  "core_uploader_userId": "abc",
  "core_uploader_password": "abc",
  "core_uploader_rules": [
    {
      "type": "interval",
      "interval": 900000,
      "dataSource": "",
      "time": "",
      "condition": "",
      "uploadDataSource": [],
      "restrictDataSource": []
    }
  ],
  "core": {
    "study_name": "default",
    "privacy_enable": false,
    "privacy_durationChoices": [
      {"id": "5_minutes", "title": "5 Minutes", "duration": "5MIN"},
      {"id": "10_minutes", "title": "10 Minutes", "duration": "10MIN"},
      {"id": "15_minutes", "title": "15 Minutes", "duration": "15MIN"},
      {"id": "30_minutes", "title": "30 Minutes", "duration": "30MIN"},
      {"id": "1_hour", "title": "1 Hour", "duration": "1HOUR"},
      {"id": "2_hour", "title": "2 Hours", "duration": "2HOUR"}
    ],
    "privacy_dataSourceChoices": [
      {
        "id": "autosense",
        "title": "Chest Sensor",
        "dataSources": ["--------autosense-"]
      },
      {
        "id": "wrist_sensor",
        "title": "Wrist Watch",
        "dataSources": ["-------motionsense-", "-------motionsense-"]
      },
      {
        "id": "survey",
        "title": "Survey",
        "dataSources": ["-scheduler-------"]
      },
      {"id": "location", "title": "Location", "dataSources": []},
      {"id": "all", "title": "All", "dataSources": []}
    ]
  },
  "phonesensor_title": "PhoneSensor",
  "phonesensor_description": "Collects phone sensor data (accelerometer, gyroscope, Gps, Activity Type, Battery level, etc)",
  "phonesensor_enable": true,
  "phonesensor_required": false,
  "phonesensor_visible": true,

  "phonesensor_accelerometer_enable": false,
  "phonesensor_accelerometer_sampleRate": 16.0,
  "phonesensor_accelerometer_sampleRateUnit": "SECOND",
  "phonesensor_accelerometer_writeType": "AS_RECEIVED",

  "phonesensor_accelerometerLinear_enable": false,
  "phonesensor_accelerometerLinear_sampleRate": 16.0,
  "phonesensor_accelerometerLinear_sampleRateUnit": "SECOND",
  "phonesensor_accelerometerLinear_writeType": "AS_RECEIVED",

  "phonesensor_activityType_enable": true,
  "phonesensor_activityType_interval":1,
  "phonesensor_activityType_intervalUnit":"SECOND",

  "phonesensor_airPressure_enable": false,
  "phonesensor_airPressure_sampleRate": 6.0,
  "phonesensor_airPressure_sampleRateUnit": "SECOND",
  "phonesensor_airPressure_writeType": "ON_CHANGE",

  "phonesensor_ambientLight_enable": false,
  "phonesensor_ambientLight_sampleRate": 16.0,
  "phonesensor_ambientLight_sampleRateUnit": "SECOND",
  "phonesensor_ambientLight_writeType": "AS_RECEIVED",

  "phonesensor_ambientTemperature_enable": false,
  "phonesensor_ambientTemperature_sampleRate": 6.0,
  "phonesensor_ambientTemperature_sampleRateUnit": "SECOND",
  "phonesensor_ambientTemperature_writeType": "ON_CHANGE",

  "phonesensor_battery_enable": false,
  "phonesensor_battery_sampleRate": 1.0,
  "phonesensor_battery_sampleRateUnit": "SECOND",
  "phonesensor_battery_writeType": "FIXED",

  "phonesensor_bluetoothStatus_enable": false,
  "phonesensor_bluetoothStatus_sampleRate": 1.0,
  "phonesensor_bluetoothStatus_sampleRateUnit": "SECOND",
  "phonesensor_bluetoothStatus_writeType": "ON_CHANGE",

  "phonesensor_chargingStatus_enable": false,
  "phonesensor_chargingStatus_sampleRate": 1.0,
  "phonesensor_chargingStatus_sampleRateUnit": "SECOND",
  "phonesensor_chargingStatus_writeType": "ON_CHANGE",

  "phonesensor_connectivityStatus_enable": false,
  "phonesensor_connectivityStatus_sampleRate": 1.0,
  "phonesensor_connectivityStatus_sampleRateUnit": "SECOND",
  "phonesensor_connectivityStatus_writeType": "ON_CHANGE",


  "phonesensor_gps_enable": true,
  "phonesensor_gps_accuracy":"HIGH",
  "phonesensor_gps_interval":1.0,
  "phonesensor_gps_intervalUnit":"SECOND",
  "phonesensor_gps_distanceFilter":0.0,
  "phonesensor_gps_writeType": "AS_RECEIVED",

  "phonesensor_gpsStatus_enable": true,
  "phonesensor_gpsStatus_sampleRate": 1.0,
  "phonesensor_gpsStatus_sampleRateUnit": "SECOND",
  "phonesensor_gpsStatus_writeType": "ON_CHANGE",


  "phonesensor_gyroscope_enable": false,
  "phonesensor_gyroscope_sampleRate": 16,
  "phonesensor_gyroscope_sampleRateUnit": "SECOND",
  "phonesensor_gyroscope_writeType": "AS_RECEIVED",

  "phonesensor_magnetometer_enable": false,
  "phonesensor_magnetometer_sampleRate": 16,
  "phonesensor_magnetometer_sampleRateUnit": "SECOND",
  "phonesensor_magnetometer_writeType": "AS_RECEIVED",

  "phonesensor_proximity_enable": false,
  "phonesensor_proximity_sampleRate": 6,
  "phonesensor_proximity_sampleRateUnit": "SECOND",
  "phonesensor_proximity_writeType": "AS_RECEIVED",

  "phonesensor_relativeHumidity_enable": false,
  "phonesensor_relativeHumidity_sampleRate": 6,
  "phonesensor_relativeHumidity_sampleRateUnit": "SECOND",
  "phonesensor_relativeHumidity_writeType": "ON_CHANGE",

  "phonesensor_significantMotion_enable": false,
  "phonesensor_significantMotion_sampleRate": 1.0,
  "phonesensor_significantMotion_sampleRateUnit": "SECOND",
  "phonesensor_significantMotion_writeType": "AS_RECEIVED",

  "phonesensor_touchScreen_enable": false,
  "phonesensor_touchScreen_writeType": "AS_RECEIVED"
}