{
  "type": "general",
  "id": "motionsense",
  "version": "1.0.0",
  "description": "Collects MotionSense Data",

  "core": {
    "study_name": "default",

    "archive_enable": false,
    "archive_storageLimit": "1GB",
    "archive_fileSizeLimit": "10MB",

    "database_rowLimit": 500,

    "uploader_enable": true,
    "uploader_active": true,
    "uploader_storageLimit": "1.5GB",
    "uploader_fileSizeLimit": "1MB",
    "uploader_url": "https://odin.md2k.org",
    "uploader_userId": "abc",
    "uploader_password": "abc",
    "uploader_rules": [
      {
        "type": "interval",
        "interval": 900000,
        "dataSource": "",
        "time": "",
        "condition": "",
        "uploadDataSource": [],
        "restrictDataSource": []
      }
    ],

    "privacy_enable": false,
    "privacy_durationChoices": [
      {"id": "5_minutes", "title": "5 Minutes", "duration": 300000},
      {"id": "10_minutes", "title": "10 Minutes", "duration": 600000},
      {"id": "15_minutes", "title": "15 Minutes", "duration": 900000},
      {"id": "30_minutes", "title": "30 Minutes", "duration": 1800000},
      {"id": "1_hour", "title": "1 Hour", "duration": 3600000},
      {"id": "2_hour", "title": "2 Hours", "duration": 7200000}
    ],
    "privacy_dataSourceChoices": [
      {
        "id": "autosense",
        "title": "Chest Sensor",
        "dataSources": [
          "--------autosense-"
        ]
      },
      {
        "id": "wrist_sensor",
        "title": "Wrist Watch",
        "dataSources": [
          "-------motionsense-",
          "-------motionsense-"
        ]
      },
      {
        "id": "survey",
        "title": "Survey",
        "dataSources": [
          "-scheduler-------"
        ]
      },
      {
        "id": "location",
        "title": "Location",
        "dataSources": [
        ]
      },
      {
        "id": "all",
        "title": "All",
        "dataSources": [
        ]
      }
    ]
  },
  "motionsense": {
    "requiredDeviceNo": 0,
    "requiredDevices": [
      {
        "platformType": "MOTION_SENSE_HRV",
        "platformId": "LEFT_WRIST",
        "isRequired": true
      },
      {
        "platformType": "MOTION_SENSE_HRV",
        "platformId": "RIGHT_WRIST",
        "isRequired": true
      }
    ],
    "settings": [
      {
        "platformType": "MOTION_SENSE_HRV",
        "platformId": "LEFT_WRIST",
        "deviceId": "32:32:32:32:23:23:323",
        "settings": [
        ]
      }
    ],
    "defaultSettings": [
      {
        "platformType": "MOTION_SENSE",
        "writeType": "FIXED",
        "accelerometerEnable": true,
        "gyroscopeEnable": true,
        "sequenceNumberMotionEnable": true,
        "rawMotionEnable": true,
        "batteryEnable": true,
        "accelerometerDataQualityEnable": true
      },
      {
        "platformType": "MOTION_SENSE_HRV",
        "writeType": "FIXED",
        "accelerometerEnable": true,
        "gyroscopeEnable": true,
        "sequenceNumberMotionEnable": true,
        "rawMotionEnable": true,
        "batteryEnable": true,
        "ppgEnable": true,
        "accelerometerDataQualityEnable": true,
        "ppgDataQualityEnable": true
      },
      {
        "platformType": "MOTION_SENSE_HRV_PLUS",
        "writeType": "FIXED",
        "accelerometerEnable": true,
        "quaternionEnable": true,
        "sequenceNumberMotionEnable": true,
        "rawMotionEnable": true,
        "batteryEnable": true,
        "ppgEnable": true,
        "magnetometerEnable": true,
        "magnetometerSensitivityEnable": true,
        "sequenceNumberMagnetometerEnable": true,
        "rawMagnetometerEnable": true,
        "accelerometerDataQualityEnable": true,
        "ppgDataQualityEnable": true
      },
      {
        "platformType": "MOTION_SENSE_V2",
        "writeType": "FIXED",
        "characteristicMotion": 25,
        "accelerometerEnable": true,
        "accelerometerSensitivity": 4,
        "accelerometerDataQualityEnable": true,
        "gyroscopeEnable": true,
        "gyroscopeSensitivity": 500,
        "sequenceNumberMotionEnable": true,
        "rawMotionEnable": true,
        "batteryEnable": true,
        "minConnectionInterval": 10
      },
      {
        "platformType": "MOTION_SENSE_HRV_V2",
        "writeType": "FIXED",
        "characteristicMotion": 25,
        "characteristicPpg": 25,
        "accelerometerEnable": true,
        "accelerometerSensitivity": 4,
        "accelerometerDataQualityEnable": true,
        "gyroscopeEnable": true,
        "gyroscopeSensitivity": 500,
        "sequenceNumberMotionEnable": true,
        "rawMotionEnable": true,
        "batteryEnable": true,
        "ppgEnable": true,
        "ppgRed": 62,
        "ppgGreen": 104,
        "ppgInfrared": 20,
        "ppgFilterEnable": false,
        "sequenceNumberPpgEnable": true,
        "rawPpgEnable": true,
        "ppgDataQualityEnable": true,
        "minConnectionInterval": 10
      },
      {
        "platformType": "MOTION_SENSE_HRV_PLUS_V2",
        "writeType": "FIXED",
        "characteristicMotion": 25,
        "characteristicPpg": 25,
        "accelerometerEnable": true,
        "accelerometerSensitivity": 4,
        "accelerometerDataQualityEnable": true,
        "gyroscopeEnable": true,
        "gyroscopeSensitivity": 500,
        "sequenceNumberMotionEnable": true,
        "rawMotionEnable": true,
        "batteryEnable": true,
        "ppgEnable": true,
        "ppgRed": 62,
        "ppgGreen": 104,
        "ppgInfrared": 20,
        "ppgFilterEnable": false,
        "sequenceNumberPpgEnable": true,
        "rawPpgEnable": true,
        "ppgDataQualityEnable": true,
        "magnetometerEnable": true,
        "magnetometerSensitivityEnable": true,
        "sequenceNumberMagnetometerEnable": true,
        "rawMagnetometerEnable": true,
        "minConnectionInterval": 10
      },
      {
        "platformType": "MOTION_SENSE_HRV_PLUS_GEN2",
        "writeType": "FIXED",
        "characteristicMotion": 25,
        "characteristicPpg": 25,
        "accelerometerEnable": true,
        "accelerometerSensitivity": 4,
        "accelerometerDataQualityEnable": true,
        "gyroscopeEnable": true,
        "gyroscopeSensitivity": 500,
        "sequenceNumberMotionEnable": true,
        "rawMotionEnable": true,
        "batteryEnable": true,
        "ppgEnable": true,
        "ppgRed": 62,
        "ppgGreen": 104,
        "ppgInfrared": 20,
        "ppgFilterEnable": false,
        "sequenceNumberPpgEnable": true,
        "rawPpgEnable": true,
        "ppgDataQualityEnable": true,
        "magnetometerEnable": true,
        "magnetometerSensitivityEnable": true,
        "sequenceNumberMagnetometerEnable": true,
        "rawMagnetometerEnable": true,
        "minConnectionInterval": 10
      },
      {
        "platformType": "AUTO_SENSE",
        "writeType": "FIXED",
        "accelerometerEnable": true,
        "respirationEnable": true,
        "ecgEnable": true,
        "sequenceNumberMotionEnable": true,
        "rawMotionEnable": true,
        "batteryEnable": true,
        "accelerometerDataQualityEnable": true,
        "respirationDataQualityEnable": true,
        "ecgDataQualityEnable": true
      }
    ]
  }
}
